-- phpMyAdmin SQL Dump
-- version 4.8.5
-- https://www.phpmyadmin.net/
--
-- Host: 127.0.0.1
-- Generation Time: Jan 24, 2024 at 06:40 AM
-- Server version: 10.1.38-MariaDB
-- PHP Version: 5.6.40

SET SQL_MODE = "NO_AUTO_VALUE_ON_ZERO";
SET AUTOCOMMIT = 0;
START TRANSACTION;
SET time_zone = "+00:00";


/*!40101 SET @OLD_CHARACTER_SET_CLIENT=@@CHARACTER_SET_CLIENT */;
/*!40101 SET @OLD_CHARACTER_SET_RESULTS=@@CHARACTER_SET_RESULTS */;
/*!40101 SET @OLD_COLLATION_CONNECTION=@@COLLATION_CONNECTION */;
/*!40101 SET NAMES utf8mb4 */;

--
-- Database: `data_tentara`
--

-- --------------------------------------------------------

--
-- Table structure for table `data_tugas_tentara`
--

CREATE TABLE `data_tugas_tentara` (
  `id` int(11) NOT NULL,
  `nama` varchar(50) NOT NULL,
  `pangkat` varchar(50) NOT NULL,
  `kode_tugas` varchar(50) NOT NULL
) ENGINE=InnoDB DEFAULT CHARSET=utf8mb4;

--
-- Dumping data for table `data_tugas_tentara`
--

INSERT INTO `data_tugas_tentara` (`id`, `nama`, `pangkat`, `kode_tugas`) VALUES
(111, 'Tom Fitzgerald DDS', '113', '0833'),
(112, 'Wendy Johnson', '114', '0905'),
(113, 'Brad Barton', '115', '0833'),
(114, 'Michelle Carter', '113', '0833'),
(115, 'Robert Washington', '115', '0734'),
(116, 'Tina Hayes', '115', '0734'),
(117, 'Brian Fitzgerald', '114', '0833'),
(118, 'Betty Brewer', '113', '0501'),
(119, 'Christopher Garcia', '112', '0833'),
(120, 'Mark Moreno', '113', '0501'),
(121, 'Ashley Taylor', '113', '0905'),
(122, 'Frank Woods', '115', '0833'),
(123, 'Rachel Welch', '115', '0905'),
(124, 'Christopher Morgan', '114', '0701'),
(125, 'Jonathan White', '115', '0701'),
(126, 'Dennis Burke', '115', '0734'),
(127, 'Jason Smith', '112', '0501'),
(128, 'Maureen Davis', '115', '0701'),
(129, 'Matthew Hodge', '115', '0501'),
(130, 'John Webb', '114', '0833'),
(131, 'Heather Flores', '112', '0833'),
(132, 'Diane Beard', '115', '0734'),
(133, 'Angela Bridges', '115', '0905'),
(134, 'Ryan Green', '113', '0905'),
(135, 'Joshua Guzman', '114', '0734'),
(136, 'Nancy Meadows', '113', '0701'),
(137, 'Trevor Franklin', '114', '0701'),
(138, 'Andrew Mcdowell', '114', '0701'),
(139, 'Michael Mitchell', '113', '0833'),
(140, 'Jessica Rodriguez', '114', '0833'),
(141, 'Erika Bates', '112', '0501'),
(142, 'Francisco Martin', '114', '0833'),
(143, 'Matthew Foley', '114', '0701'),
(144, 'Alexander Brown', '115', '0734'),
(145, 'Emily Ryan', '114', '0734'),
(146, 'Michael Hernandez', '112', '0701'),
(147, 'Theodore Wyatt', '113', '0833'),
(148, 'William Hall', '112', '0734'),
(149, 'Kristen Hall', '115', '0734'),
(150, 'Jay Lyons', '115', '0833'),
(151, 'John Herrera', '112', '0734'),
(152, 'Anna Lindsey', '113', '0833'),
(153, 'Martha Flores', '115', '0701'),
(154, 'Joel Bishop', '113', '0734'),
(155, 'Sarah Mueller', '115', '0833'),
(156, 'Heather Shea DDS', '114', '0701'),
(157, 'Kendra Taylor', '112', '0833'),
(158, 'Melissa Gardner', '115', '0734'),
(159, 'Molly Lewis', '115', '0905'),
(160, 'Mr. John Powell', '115', '0905'),
(161, 'Mark Mcgee', '115', '0734'),
(162, 'Rhonda Taylor', '113', '0833'),
(163, 'John Hill', '114', '0701'),
(164, 'Heather Silva', '115', '0905'),
(165, 'Mary Grant', '113', '0734'),
(166, 'Terri Garcia', '112', '0734'),
(167, 'Dominique Finley', '114', '0905'),
(168, 'Kimberly Guerra', '115', '0833'),
(169, 'Thomas Mcintyre', '114', '0734'),
(170, 'Matthew Lambert', '114', '0701'),
(171, 'Autumn Ellison', '115', '0833'),
(172, 'Jodi Hayes', '114', '0833'),
(173, 'Sherry Mckinney', '114', '0905'),
(174, 'David Bailey', '112', '0833'),
(175, 'Brian Davis', '115', '0833'),
(176, 'Morgan Lucas', '115', '0905'),
(177, 'Shaun Baker', '112', '0701'),
(178, 'Steve Wang', '115', '0701'),
(179, 'Lisa Price', '115', '0833'),
(180, 'Shane Guerra', '114', '0701'),
(181, 'Carla James', '115', '0905'),
(182, 'Peter Carroll', '115', '0905'),
(183, 'Noah Mcconnell', '114', '0905'),
(184, 'Nicole Robinson', '112', '0734'),
(185, 'William Taylor', '113', '0701'),
(186, 'Patrick Washington', '114', '0833'),
(187, 'Brittany Hart', '113', '0734'),
(188, 'Corey Case', '115', '0833'),
(189, 'Adrian Robles', '115', '0501'),
(190, 'Patricia Ward', '112', '0905'),
(191, 'Derek Palmer', '114', '0905'),
(192, 'Kayla Gonzalez', '113', '0905'),
(193, 'Amanda Gardner', '112', '0734'),
(194, 'Vicki Barton', '114', '0501'),
(195, 'Jack Moyer', '112', '0501'),
(196, 'Sara Madden', '112', '0833'),
(197, 'Alan Harrison', '114', '0701'),
(198, 'Sharon Perkins', '114', '0701'),
(199, 'Michael James', '115', '0905'),
(200, 'Michael Fernandez', '113', '0905'),
(201, 'Emily Becker', '115', '0701'),
(202, 'Pedro Jordan', '114', '0734'),
(203, 'Brent Steele', '113', '0734'),
(204, 'Kimberly Bradshaw', '113', '0501'),
(205, 'Morgan Williams', '112', '0833'),
(206, 'Michael Jacobson', '115', '0701'),
(207, 'Leslie Hammond MD', '113', '0833'),
(208, 'Jennifer Sullivan', '114', '0833'),
(209, 'Alex Bender', '115', '0501'),
(210, 'Savannah Smith', '113', '0734'),
(211, 'Amy Noble', '113', '0701'),
(212, 'Ashley Garza', '114', '0734'),
(213, 'Brian Anderson', '115', '0833'),
(214, 'Vanessa Pierce', '114', '0905'),
(215, 'Eric Gregory', '114', '0501'),
(216, 'Nancy Barnes', '115', '0905'),
(217, 'Andrew Miller', '114', '0905'),
(218, 'William Caldwell', '115', '0833'),
(219, 'Virginia Ortiz', '113', '0501'),
(220, 'Alexandria Davila', '114', '0833'),
(221, 'Richard Gibson', '114', '0734'),
(222, 'Andrew Reilly', '115', '0833'),
(223, 'William Murphy', '115', '0501'),
(224, 'Brett Stephens', '114', '0734'),
(225, 'Cynthia Lane', '114', '0833'),
(226, 'Amber Norris', '115', '0905'),
(227, 'Michael Ortiz', '114', '0734'),
(228, 'Carolyn Acevedo', '115', '0501'),
(229, 'Jose Bolton', '112', '0701'),
(230, 'Jenna Wise', '113', '0501'),
(231, 'Christopher Garcia', '112', '0734'),
(232, 'Renee Graham', '115', '0833'),
(233, 'Janet Grant', '113', '0833'),
(234, 'Karen Malone', '114', '0833'),
(235, 'David Miller MD', '112', '0734'),
(236, 'Angela Long', '113', '0905'),
(237, 'Kathy Ramos', '112', '0905'),
(238, 'Catherine Fisher', '115', '0701'),
(239, 'Morgan Munoz', '115', '0701'),
(240, 'Heather Warren DVM', '115', '0501'),
(241, 'Kimberly Ford', '115', '0701'),
(242, 'Mary Duran', '115', '0501'),
(243, 'Michelle Collins', '115', '0501'),
(244, 'Charles Turner', '112', '0833'),
(245, 'Karen Bell', '112', '0734'),
(246, 'Jacqueline Hood', '113', '0833'),
(247, 'Juan Huang', '115', '0501'),
(248, 'John Moreno', '113', '0833'),
(249, 'Barbara Hughes', '115', '0905'),
(250, 'Scott Morrison', '114', '0734'),
(251, 'Christina Allen', '113', '0833'),
(252, 'Linda Owens', '115', '0701'),
(253, 'Jason Munoz', '112', '0734'),
(254, 'Yolanda Tran', '112', '0734'),
(255, 'Tiffany Hernandez', '115', '0734'),
(256, 'Lucas Wu', '115', '0905'),
(257, 'David Adkins', '113', '0701'),
(258, 'Brandon Morales', '115', '0833'),
(259, 'Matthew Manning', '115', '0701'),
(260, 'Michelle Hunter', '115', '0905'),
(261, 'Ryan Watkins', '112', '0734'),
(262, 'Joyce Delgado', '114', '0701'),
(263, 'Sharon Smith', '114', '0734'),
(264, 'Heather Rodriguez', '115', '0501'),
(265, 'James Greer', '114', '0734'),
(266, 'Evan Hill', '112', '0833'),
(267, 'Deborah Edwards', '113', '0701'),
(268, 'Elaine Contreras', '114', '0833'),
(269, 'Amanda Durham', '115', '0734'),
(270, 'Eddie Kennedy', '115', '0701'),
(271, 'Michelle Wilson', '112', '0734'),
(272, 'Rickey Jones', '112', '0734'),
(273, 'Caleb Floyd', '113', '0734'),
(274, 'Billy Evans', '115', '0833'),
(275, 'Jessica Cook', '115', '0701'),
(276, 'Samantha Jordan', '115', '0701'),
(277, 'Joseph Baker', '113', '0701'),
(278, 'Vincent Gilbert', '113', '0701'),
(279, 'Patricia Hill', '113', '0734'),
(280, 'Chad Nichols', '114', '0701'),
(281, 'Matthew Barry', '113', '0501'),
(282, 'Brittany Russell', '113', '0501'),
(283, 'Jordan Patel', '112', '0833'),
(284, 'Peter Smith', '114', '0905'),
(285, 'Richard Simmons', '113', '0734'),
(286, 'Terry Ramirez', '114', '0701'),
(287, 'Mark Miranda', '114', '0501'),
(288, 'Daniel Stanley', '112', '0734'),
(289, 'Larry Herrera', '114', '0701'),
(290, 'Jason Lester', '112', '0734'),
(291, 'Cheryl Smith DDS', '113', '0905'),
(292, 'Michael Washington', '115', '0833'),
(293, 'Robert Silva', '113', '0734'),
(294, 'Crystal Cox', '113', '0905'),
(295, 'Heather Wilson', '114', '0734'),
(296, 'Susan Johnson', '115', '0501'),
(297, 'Shirley Ramirez', '113', '0701'),
(298, 'Scott Stevens', '114', '0734'),
(299, 'Charles Mccoy', '112', '0701'),
(300, 'Tracy Lewis', '112', '0501'),
(301, 'Dawn Crawford', '113', '0501'),
(302, 'Aaron Taylor', '113', '0701'),
(303, 'Danielle Jordan', '112', '0734'),
(304, 'Arthur Walton', '113', '0701'),
(305, 'Regina Booth', '113', '0833'),
(306, 'Troy Robinson', '115', '0501'),
(307, 'Terri Gonzales', '115', '0833'),
(308, 'Jeffrey Martinez', '112', '0734'),
(309, 'Lauren Hernandez', '114', '0701'),
(310, 'Olivia Morris', '112', '0905'),
(311, 'Leslie Hill', '115', '0905'),
(312, 'Brandy Washington', '115', '0701'),
(313, 'Stephen Medina', '115', '0501'),
(314, 'Jacob Powell', '112', '0833'),
(315, 'Benjamin James', '112', '0905'),
(316, 'Tyler Andrade', '113', '0734'),
(317, 'Brian Miller', '114', '0501'),
(318, 'Justin Garrett', '115', '0701'),
(319, 'Curtis Douglas PhD', '115', '0501'),
(320, 'Alexandra Baker', '112', '0734'),
(321, 'Kathryn Wagner', '112', '0734'),
(322, 'Alexander Ball', '113', '0701'),
(323, 'Jessica Smith', '113', '0501'),
(324, 'Gary Petersen', '112', '0833'),
(325, 'Mark Tapia', '114', '0701'),
(326, 'Valerie Nunez', '113', '0734'),
(327, 'Laurie Nelson', '113', '0701'),
(328, 'Monique Meyer', '115', '0833'),
(329, 'David Holt', '115', '0734'),
(330, 'Albert Sanchez', '112', '0833'),
(331, 'Virginia Montgomery', '113', '0833'),
(332, 'Angela Gonzalez', '114', '0734'),
(333, 'Mark Sawyer', '114', '0734'),
(334, 'Brian Wilson', '112', '0501'),
(335, 'Amanda Marshall', '114', '0701'),
(336, 'Whitney Boyer', '112', '0501'),
(337, 'Karen Sullivan', '115', '0501'),
(338, 'Angelica Stewart', '114', '0501'),
(339, 'Shannon Reid', '114', '0734'),
(340, 'Amanda Barr', '115', '0701'),
(341, 'Joanna Anderson', '115', '0734'),
(342, 'Ryan Diaz', '114', '0734'),
(343, 'Grant Becker', '115', '0501'),
(344, 'Diana Mitchell', '113', '0734'),
(345, 'Michael Brown', '113', '0501'),
(346, 'Lisa Ruiz', '115', '0501'),
(347, 'William Smith', '115', '0905'),
(348, 'Carl Lara', '114', '0501'),
(349, 'Taylor Barker', '114', '0501'),
(350, 'Eugene Mooney', '113', '0701'),
(351, 'Lindsay Carlson', '112', '0734'),
(352, 'Angela Allen', '115', '0905'),
(353, 'Christopher Kirk', '113', '0501'),
(354, 'Karen Brewer', '113', '0905'),
(355, 'Joseph Green', '113', '0701'),
(356, 'Seth Barrett', '114', '0501'),
(357, 'Michael Thompson', '115', '0501'),
(358, 'Angie Young', '115', '0734'),
(359, 'Randy Flores', '112', '0833'),
(360, 'Deborah Smith', '113', '0905'),
(361, 'Rebecca Clark', '114', '0905'),
(362, 'Lindsay Gray', '113', '0701'),
(363, 'Mark Parker', '115', '0734'),
(364, 'Robert Rodriguez', '114', '0833'),
(365, 'John Stephens', '114', '0833'),
(366, 'Amber Thomas', '114', '0701'),
(367, 'Michael Spencer', '113', '0501'),
(368, 'James Henry', '114', '0501'),
(369, 'Jeanne Johnson', '113', '0833'),
(370, 'Lori Smith', '115', '0734'),
(371, 'Jennifer Black', '115', '0501'),
(372, 'Jacob Peterson', '115', '0905'),
(373, 'Victoria Walters', '115', '0501'),
(374, 'Becky Hurley', '114', '0734'),
(375, 'Cindy Vargas', '112', '0905'),
(376, 'Mr. Brandon Warren', '112', '0833'),
(377, 'Amy Elliott', '115', '0734'),
(378, 'Andrea Salinas', '115', '0701'),
(379, 'Kenneth Brown', '113', '0734'),
(380, 'Kenneth Myers', '113', '0905'),
(381, 'Dawn Smith', '115', '0905'),
(382, 'Brittany Cole', '113', '0905'),
(383, 'Kelly Turner', '114', '0833'),
(384, 'Taylor Perry', '114', '0833'),
(385, 'Eric Dougherty', '114', '0833'),
(386, 'Tiffany Riley MD', '114', '0501'),
(387, 'Jennifer Galvan', '113', '0701'),
(388, 'Eric Burns', '113', '0734'),
(389, 'Taylor Howell', '114', '0701'),
(390, 'Robert Moody', '115', '0734'),
(391, 'Jacob Bautista', '114', '0833'),
(392, 'Joseph Mccann', '115', '0833'),
(393, 'Linda Brown', '115', '0701'),
(394, 'Richard Ward', '113', '0833'),
(395, 'Debbie Vaughan', '115', '0501'),
(396, 'Abigail Alvarado', '114', '0501'),
(397, 'Antonio Fowler', '112', '0701'),
(398, 'Eugene Murphy', '112', '0833'),
(399, 'Mark Edwards', '113', '0734'),
(400, 'John Arnold', '114', '0501'),
(401, 'Carl Simmons', '115', '0734'),
(402, 'Denise Franklin', '114', '0833'),
(403, 'Chad Joyce', '112', '0833'),
(404, 'Cynthia Montgomery', '114', '0501'),
(405, 'John Davis', '113', '0501'),
(406, 'Danielle Scott', '113', '0905'),
(407, 'Laurie Taylor', '114', '0734'),
(408, 'Nicole Wright', '113', '0701'),
(409, 'Michael Ochoa', '115', '0501'),
(410, 'Cheryl Norman', '114', '0701'),
(411, 'Logan Greene', '113', '0701'),
(412, 'Amanda Williams', '115', '0905'),
(413, 'Jesse Roach', '113', '0501'),
(414, 'Kathryn Shelton', '113', '0905'),
(415, 'Eric Berger', '112', '0501'),
(416, 'Kenneth Jennings', '113', '0905'),
(417, 'Vanessa Chan', '112', '0905'),
(418, 'Penny Haynes', '115', '0501'),
(419, 'Jack Perry', '113', '0833'),
(420, 'Mario Lopez', '113', '0734'),
(421, 'Jerry Jenkins', '112', '0734'),
(422, 'Mark Byrd', '113', '0905'),
(423, 'Jean Thomas', '114', '0734'),
(424, 'Darrell Davis', '114', '0501'),
(425, 'Debra Reyes', '115', '0905'),
(426, 'Lindsay Carr', '112', '0734'),
(427, 'Jack Robles', '113', '0734'),
(428, 'George Vega', '115', '0701'),
(429, 'Nicole Hull', '112', '0701'),
(430, 'Mary Duke', '114', '0905'),
(431, 'Brian Simon', '115', '0734'),
(432, 'John Woodward', '112', '0833'),
(433, 'Noah Rodriguez', '115', '0734'),
(434, 'Sharon Hebert', '112', '0734'),
(435, 'Brenda Thomas', '115', '0501'),
(436, 'Jason Bell', '113', '0905'),
(437, 'Wendy Wong', '115', '0734'),
(438, 'Michael Riddle', '113', '0833'),
(439, 'Pamela Bowers', '113', '0905'),
(440, 'Kristy Fowler', '112', '0501'),
(441, 'Benjamin Mann', '115', '0701'),
(442, 'Stephen Nelson', '113', '0734'),
(443, 'Timothy Gomez', '113', '0734'),
(444, 'William Miles', '115', '0905'),
(445, 'Alicia Keith', '112', '0701'),
(446, 'Dylan Farrell', '114', '0833'),
(447, 'Carlos Gilbert', '112', '0734'),
(448, 'David Davis', '112', '0701'),
(449, 'Robert Hardy', '113', '0501'),
(450, 'Xavier Adams', '114', '0833'),
(451, 'Shannon Lopez', '112', '0501'),
(452, 'John Clarke', '114', '0701'),
(453, 'Patrick Howe', '115', '0833'),
(454, 'Anthony Roberts', '112', '0833'),
(455, 'Mark Kramer', '113', '0701'),
(456, 'John Gamble', '114', '0905'),
(457, 'Kristin Whitney', '113', '0734'),
(458, 'Ray Brown', '112', '0905'),
(459, 'Marvin Booth', '113', '0501'),
(460, 'Sara Owens', '114', '0905'),
(461, 'Dennis Johnson', '115', '0833'),
(462, 'Tanya Davis', '115', '0501'),
(463, 'Casey Hull', '115', '0501'),
(464, 'Michael Johnson', '113', '0701'),
(465, 'Luis Simmons', '112', '0701'),
(466, 'Lisa Quinn', '113', '0701'),
(467, 'Sarah Oliver', '113', '0701'),
(468, 'Mrs. Karen Green', '113', '0501'),
(469, 'Danielle Valdez', '114', '0833'),
(470, 'Stephen Parsons', '113', '0833'),
(471, 'Samantha Hamilton', '114', '0734'),
(472, 'Linda Peters', '112', '0833'),
(473, 'John Williams', '112', '0501'),
(474, 'Brandon Gonzalez', '115', '0905'),
(475, 'Linda Mercer', '115', '0833'),
(476, 'Bryan Jones', '115', '0833'),
(477, 'Ruben Gill', '113', '0905'),
(478, 'Lori Fox', '114', '0701'),
(479, 'Melissa Riley', '114', '0701'),
(480, 'Devon James', '114', '0833'),
(481, 'Steven Larsen', '113', '0501'),
(482, 'Mr. Edward Gonzalez', '115', '0501'),
(483, 'Mr. Justin Small', '113', '0905'),
(484, 'Olivia Knight', '115', '0701'),
(485, 'Veronica Scott', '112', '0905'),
(486, 'Joseph Hanson', '114', '0905'),
(487, 'Erin Newton', '113', '0501'),
(488, 'Eugene Combs', '115', '0501'),
(489, 'Matthew Jones', '112', '0833'),
(490, 'Tammy Wu', '113', '0701'),
(491, 'David Daniels', '115', '0701'),
(492, 'Timothy Carlson', '115', '0734'),
(493, 'Sean Mckenzie', '112', '0905'),
(494, 'Jon Davis', '115', '0701'),
(495, 'Timothy Johnson', '114', '0905'),
(496, 'Richard Macias', '115', '0501'),
(497, 'Jeffrey Simmons', '113', '0501'),
(498, 'Bryan Chandler', '115', '0734'),
(499, 'Scott Ferguson', '114', '0905'),
(500, 'Frank Hill', '114', '0905'),
(501, 'Sean Lopez', '115', '0833'),
(502, 'John Aguilar', '114', '0501'),
(503, 'Cindy Lam', '112', '0905'),
(504, 'Derek Atkins', '113', '0734'),
(505, 'Zachary Berry', '114', '0833'),
(506, 'Brendan Miller', '115', '0905'),
(507, 'Tara Franco', '115', '0501'),
(508, 'Joshua Compton', '113', '0833'),
(509, 'Lauren Goodwin', '113', '0905'),
(510, 'Mr. Joshua Kennedy', '112', '0734'),
(511, 'Michelle Foster', '114', '0701'),
(512, 'Daryl Bartlett', '115', '0905'),
(513, 'James Cannon', '115', '0501'),
(514, 'Lisa Price', '115', '0905'),
(515, 'John Taylor', '115', '0833'),
(516, 'Todd Rodriguez', '113', '0734'),
(517, 'Allison Brown', '114', '0501'),
(518, 'Robert Ross', '115', '0501'),
(519, 'Andrea Warren', '113', '0734'),
(520, 'Thomas Russell', '115', '0833'),
(521, 'Rachel Ortiz', '115', '0701'),
(522, 'Brittany Davis', '115', '0734'),
(523, 'Jennifer West', '113', '0701'),
(524, 'Bradley Brown', '113', '0701'),
(525, 'Jeffrey Santiago', '114', '0701'),
(526, 'Pamela Serrano', '114', '0833'),
(527, 'Eric Gates', '113', '0701'),
(528, 'April Johnston', '115', '0833'),
(529, 'Holly Knox', '114', '0905'),
(530, 'Taylor Herrera', '112', '0501'),
(531, 'Sherry Cruz', '115', '0501'),
(532, 'Chelsea Miller', '115', '0833'),
(533, 'John Meyers', '112', '0701'),
(534, 'Jessica Nelson', '115', '0701'),
(535, 'Jason Bryant', '113', '0734'),
(536, 'Richard Holden', '115', '0734'),
(537, 'Robert May', '114', '0833'),
(538, 'Sandra Wilkins', '115', '0905'),
(539, 'Timothy Valentine', '113', '0905'),
(540, 'Patrick Brewer', '112', '0701'),
(541, 'Randy Wheeler', '113', '0833'),
(542, 'David Rose', '115', '0905'),
(543, 'Kevin Manning', '112', '0501'),
(544, 'Michelle Chapman', '114', '0501'),
(545, 'Debra Perry', '112', '0833'),
(546, 'Thomas Terry', '113', '0501'),
(547, 'Debra Peterson', '113', '0701'),
(548, 'Angela Brown', '112', '0501'),
(549, 'Karen Pena', '115', '0905'),
(550, 'Cindy Garcia', '112', '0501'),
(551, 'John Shannon', '114', '0501'),
(552, 'Kimberly Jones', '115', '0734'),
(553, 'Billy Wilson', '113', '0905'),
(554, 'Michael Nelson', '113', '0905'),
(555, 'Matthew Hall', '113', '0734'),
(556, 'Douglas Bright', '112', '0701'),
(557, 'Christopher Black PhD', '113', '0701'),
(558, 'Cassandra May', '112', '0701'),
(559, 'Joshua Jones', '115', '0905'),
(560, 'Megan Anderson', '114', '0734'),
(561, 'Devin Williams', '112', '0501'),
(562, 'Katherine Colon', '112', '0734'),
(563, 'Steven Fields', '115', '0833'),
(564, 'Samuel Walker', '115', '0905'),
(565, 'Heather Bailey', '113', '0905'),
(566, 'Elizabeth Sherman', '113', '0833'),
(567, 'Richard Morgan', '113', '0501'),
(568, 'Catherine Hill', '112', '0701'),
(569, 'Cynthia Steele', '112', '0734'),
(570, 'Judy Gonzalez', '112', '0833'),
(571, 'Shane Singh', '112', '0701'),
(572, 'Nicholas Torres', '114', '0833'),
(573, 'Elizabeth Washington', '112', '0833'),
(574, 'Michele Aguirre', '114', '0501'),
(575, 'Chelsea Hansen', '113', '0833'),
(576, 'John Herrera', '115', '0833'),
(577, 'Sierra Aguilar', '112', '0701'),
(578, 'Chloe Garcia', '115', '0833'),
(579, 'Jennifer Henderson', '113', '0905'),
(580, 'Kathryn Sloan', '112', '0501'),
(581, 'Gary Pineda', '114', '0833'),
(582, 'Stacey Leonard', '115', '0833'),
(583, 'Joy Howe', '115', '0833'),
(584, 'Elizabeth Mcintosh', '114', '0501'),
(585, 'Cynthia Nixon', '115', '0501'),
(586, 'Brittany Sexton', '114', '0501'),
(587, 'Andrew Hobbs', '112', '0905'),
(588, 'Zachary Gray', '115', '0905'),
(589, 'Jeremy Kennedy', '114', '0905'),
(590, 'Eddie Sheppard', '113', '0501'),
(591, 'David Crawford', '113', '0734'),
(592, 'Austin Booth', '112', '0833'),
(593, 'Kirk Cline', '115', '0501'),
(594, 'Elizabeth Cochran', '112', '0501'),
(595, 'Joshua Figueroa DDS', '114', '0701'),
(596, 'Joshua Harvey', '113', '0701'),
(597, 'Michael Contreras', '114', '0905'),
(598, 'Raymond Walker', '112', '0833'),
(599, 'Brandon Smith', '113', '0905'),
(600, 'Wyatt Snow', '112', '0701'),
(601, 'Alicia Tran', '112', '0905'),
(602, 'Dana Brown', '114', '0905'),
(603, 'Becky Wilson', '114', '0905'),
(604, 'Katie Green', '113', '0701'),
(605, 'Deborah Ryan', '115', '0501'),
(606, 'Micheal Robinson', '112', '0905'),
(607, 'Jessica Gilbert', '112', '0501'),
(608, 'William Pruitt', '112', '0833'),
(609, 'Amy Fleming', '113', '0701'),
(610, 'Daniel Olson', '114', '0501'),
(611, 'Robert Reed', '115', '0501'),
(612, 'Jamie Palmer', '112', '0905'),
(613, 'Frank Huang', '115', '0734'),
(614, 'Nichole Hays', '112', '0701'),
(615, 'Jennifer Mcguire', '112', '0833'),
(616, 'Amy Mcgee', '113', '0734'),
(617, 'Brittany Smith', '115', '0501'),
(618, 'Jason Daniels', '113', '0833'),
(619, 'Paul Henderson', '112', '0734'),
(620, 'David Nelson', '115', '0701'),
(621, 'Julie Williams', '115', '0501'),
(622, 'Kimberly Hernandez', '114', '0905'),
(623, 'Ryan Colon', '112', '0734'),
(624, 'Nicole Boyd', '115', '0833'),
(625, 'Kristin Young', '115', '0501'),
(626, 'Sean Farley', '112', '0701'),
(627, 'Thomas Mccormick', '115', '0501'),
(628, 'Erica Sheppard', '112', '0734'),
(629, 'Michael Brown', '112', '0905'),
(630, 'Philip Turner', '114', '0734'),
(631, 'Steven Fowler', '114', '0701'),
(632, 'Judy Hughes', '114', '0734'),
(633, 'Christopher Walker', '113', '0833'),
(634, 'Shannon Cameron', '114', '0701'),
(635, 'Susan Randall', '115', '0734'),
(636, 'Jessica Alexander', '115', '0833'),
(637, 'Kayla Gonzales', '113', '0833'),
(638, 'Aaron Taylor', '114', '0734'),
(639, 'Miss Wendy Mccoy DDS', '113', '0905'),
(640, 'Vincent Gomez', '113', '0833'),
(641, 'Christopher Rivera', '114', '0734'),
(642, 'Ian Trevino', '112', '0734'),
(643, 'Jason Hawkins', '115', '0833'),
(644, 'Jamie Carpenter', '112', '0501'),
(645, 'Charlotte Brown', '113', '0501'),
(646, 'Greg Wood', '112', '0905'),
(647, 'Ashley Lozano', '113', '0833'),
(648, 'Alexander Bailey', '114', '0734'),
(649, 'Wendy Stout', '114', '0833'),
(650, 'Derek Silva', '114', '0833'),
(651, 'Dr. Lisa Gray', '114', '0501'),
(652, 'Debbie Tyler', '115', '0501'),
(653, 'Curtis Bowman', '115', '0501'),
(654, 'Carla Wright', '113', '0833'),
(655, 'David Byrd', '115', '0833'),
(656, 'Norma Carey', '112', '0734'),
(657, 'Jessica Hall', '112', '0734'),
(658, 'Dr. Amanda Roberts', '114', '0734'),
(659, 'Marcus Collins', '112', '0501'),
(660, 'Kaitlyn Nicholson', '112', '0701'),
(661, 'Jacqueline Blair', '115', '0701'),
(662, 'Carrie Elliott', '114', '0833'),
(663, 'Kyle Olsen', '112', '0833'),
(664, 'Courtney Salazar', '114', '0501'),
(665, 'Melanie Powell', '112', '0833'),
(666, 'Kim Williams', '113', '0905'),
(667, 'Erin Murray', '113', '0734'),
(668, 'Colleen Boyle', '115', '0701'),
(669, 'James Roberts', '115', '0701'),
(670, 'Ashley Bishop', '112', '0734'),
(671, 'Tina Scott', '115', '0501'),
(672, 'Kevin Lee', '112', '0701'),
(673, 'Michael Young', '115', '0734'),
(674, 'Jonathan Fuentes', '115', '0833'),
(675, 'Scott Mclaughlin', '113', '0501'),
(676, 'Scott Adams', '115', '0734'),
(677, 'Jeffrey Hernandez DDS', '113', '0501'),
(678, 'Melissa Stevens MD', '112', '0501'),
(679, 'Stephanie Howell', '115', '0833'),
(680, 'John Bishop', '114', '0905'),
(681, 'Zachary Sosa', '113', '0501'),
(682, 'Lindsey Harris MD', '112', '0501'),
(683, 'Theresa Ryan', '114', '0734'),
(684, 'John Lawrence', '114', '0905'),
(685, 'Benjamin Johnson', '112', '0501'),
(686, 'Daniel Parsons', '113', '0501'),
(687, 'Kerry Burns', '115', '0734'),
(688, 'Rachel Mcpherson', '112', '0734'),
(689, 'Michael Holmes', '115', '0501'),
(690, 'Randy Jones', '112', '0701'),
(691, 'Jacob Allen', '112', '0734'),
(692, 'Jean Parsons', '113', '0833'),
(693, 'Shelby Thomas', '115', '0905'),
(694, 'Miguel Duncan', '112', '0501'),
(695, 'Brandi Cantu', '112', '0701'),
(696, 'Michael Hall', '115', '0833'),
(697, 'Brian Lyons', '113', '0701'),
(698, 'Douglas Wright', '112', '0905'),
(699, 'Paul Smith', '113', '0701'),
(700, 'Ian Compton', '113', '0701'),
(701, 'Tiffany Gomez', '115', '0833'),
(702, 'Kent Lopez', '115', '0905'),
(703, 'Christina Taylor', '114', '0501'),
(704, 'Samuel Hanson', '115', '0833'),
(705, 'Renee Gray', '113', '0701'),
(706, 'Jason Dougherty', '113', '0734'),
(707, 'Gregory Acosta', '112', '0734'),
(708, 'Jennifer Orr', '115', '0905'),
(709, 'Jean Marshall', '115', '0905'),
(710, 'Sarah Smith', '114', '0734'),
(711, 'Lisa Murphy', '114', '0905'),
(712, 'Randall Baker', '112', '0833'),
(713, 'Joshua Stephens', '112', '0734'),
(714, 'Herbert Armstrong', '112', '0701'),
(715, 'Steven Klein', '112', '0501'),
(716, 'Mark Acosta', '112', '0833'),
(717, 'Rebecca Gonzalez', '115', '0734'),
(718, 'Jason Welch', '115', '0734'),
(719, 'Kelsey Jacobs', '114', '0701'),
(720, 'Heather Hutchinson', '115', '0501'),
(721, 'Joshua Robinson', '114', '0905'),
(722, 'Bernard Patel', '114', '0905'),
(723, 'Megan Graves', '115', '0501'),
(724, 'William Ross', '115', '0501'),
(725, 'Jessica Rodriguez', '112', '0501'),
(726, 'Heather Tanner', '114', '0734'),
(727, 'Susan Brown', '113', '0905'),
(728, 'Jamie Perez', '114', '0501'),
(729, 'Dr. Samantha Walsh', '115', '0833'),
(730, 'Heather Matthews', '114', '0501'),
(731, 'Thomas Cortez', '114', '0501'),
(732, 'Meghan Ross', '114', '0501'),
(733, 'Ronald Crane', '114', '0701'),
(734, 'Karen Hamilton', '115', '0701'),
(735, 'Jason Carson', '115', '0734'),
(736, 'Scott Fields', '113', '0905'),
(737, 'Mark Johnson', '113', '0701'),
(738, 'James Lewis', '113', '0701'),
(739, 'Thomas Simpson', '114', '0701'),
(740, 'Melissa Johnson', '115', '0501'),
(741, 'David Harvey', '112', '0833'),
(742, 'Stacie Briggs', '112', '0501'),
(743, 'Aaron Robinson', '115', '0734'),
(744, 'Stephanie Bartlett', '115', '0833'),
(745, 'Dr. Mary Black', '115', '0905'),
(746, 'Chad Myers', '112', '0701'),
(747, 'Sarah Tanner', '112', '0905'),
(748, 'Samantha Russell', '114', '0501'),
(749, 'Carrie Soto', '115', '0905'),
(750, 'Olivia Lee', '112', '0905'),
(751, 'Laura Jackson', '113', '0734'),
(752, 'Brian Jackson', '115', '0501'),
(753, 'Robert Lopez', '112', '0701'),
(754, 'Kevin Roth', '114', '0905'),
(755, 'Stephanie Cooper', '113', '0701'),
(756, 'Ronald Campbell', '114', '0734'),
(757, 'Joseph Davis', '114', '0833'),
(758, 'James Baker', '113', '0501'),
(759, 'Kiara Valdez', '115', '0734'),
(760, 'Haley Carey', '113', '0905'),
(761, 'Keith Marshall', '112', '0833'),
(762, 'Danielle Allison', '112', '0833'),
(763, 'Richard Brown', '113', '0701'),
(764, 'Sandra Baxter', '114', '0833'),
(765, 'Curtis Daniels', '114', '0833'),
(766, 'Mark Hoover', '114', '0501'),
(767, 'Nancy Bradley', '112', '0833'),
(768, 'Eric Williamson', '112', '0905'),
(769, 'Jessica Fitzgerald', '114', '0501'),
(770, 'Jessica Warren', '112', '0701'),
(771, 'Laura Smith', '112', '0501'),
(772, 'Nicole Stewart', '114', '0833'),
(773, 'Christopher Johnson', '114', '0833'),
(774, 'Kathleen Whitney', '115', '0734'),
(775, 'James Yang', '115', '0905'),
(776, 'Erin Simmons', '115', '0734'),
(777, 'Miranda Combs', '112', '0501'),
(778, 'Tiffany Hood', '114', '0734'),
(779, 'Elizabeth Armstrong', '113', '0905'),
(780, 'Ricky Hudson', '112', '0833'),
(781, 'Rebekah Jefferson', '114', '0734'),
(782, 'Alexandra Castro', '112', '0833'),
(783, 'Roberto Marsh', '115', '0701'),
(784, 'Phillip Davis', '113', '0833'),
(785, 'Kimberly Duarte', '115', '0734'),
(786, 'Nicole Lopez', '113', '0501'),
(787, 'Stephen Trujillo', '112', '0701'),
(788, 'John Stewart', '113', '0734'),
(789, 'Cristina Cooper', '112', '0501'),
(790, 'David Jackson', '115', '0501'),
(791, 'Eugene Combs', '112', '0501'),
(792, 'Briana Burns', '113', '0833'),
(793, 'Melissa Thomas', '115', '0905'),
(794, 'Melissa Flores', '112', '0905'),
(795, 'Jose Moreno', '113', '0701'),
(796, 'Jonathan King', '115', '0833'),
(797, 'Donna Phillips', '113', '0734'),
(798, 'Randall Garcia', '115', '0905'),
(799, 'Samantha Garcia', '113', '0701'),
(800, 'Charles Sparks', '115', '0734'),
(801, 'Lee White', '113', '0734'),
(802, 'Eric White', '115', '0905'),
(803, 'Michelle Robinson', '113', '0501'),
(804, 'Nicole Robinson', '115', '0701'),
(805, 'Autumn Paul', '113', '0501'),
(806, 'Denise Kelly', '112', '0701'),
(807, 'Corey Schwartz', '114', '0833'),
(808, 'Mr. Raymond Simmons', '113', '0501'),
(809, 'Cory Weber', '113', '0734'),
(810, 'Christopher Barnett', '115', '0734'),
(811, 'Michael Lucas', '115', '0833'),
(812, 'Kelly Gomez', '114', '0905'),
(813, 'Lauren Hernandez', '114', '0701'),
(814, 'Lauren Esparza', '112', '0501'),
(815, 'Joseph Morris DVM', '112', '0734'),
(816, 'Shannon Carter', '115', '0734'),
(817, 'Rachel Black', '113', '0501'),
(818, 'Grace Farrell', '113', '0501'),
(819, 'Matthew Powers', '115', '0734'),
(820, 'Lawrence Peterson', '113', '0905'),
(821, 'Nicole Juarez', '112', '0905'),
(822, 'Victoria Robbins', '113', '0833'),
(823, 'Angela Morse', '114', '0734'),
(824, 'John Woods', '112', '0501'),
(825, 'Brian Jones', '113', '0501'),
(826, 'Michael Hunt', '113', '0701'),
(827, 'Sharon Sawyer', '114', '0701'),
(828, 'Bryan Swanson', '112', '0734'),
(829, 'Kevin Khan', '114', '0501'),
(830, 'Brent Sanchez', '114', '0734'),
(831, 'Michael Miles', '115', '0501'),
(832, 'Jeffrey West', '114', '0905'),
(833, 'Mary Reyes', '112', '0501'),
(834, 'David Contreras', '113', '0701'),
(835, 'Patricia Smith', '114', '0905'),
(836, 'Scott Cox', '113', '0701'),
(837, 'Daniel Jones', '114', '0501'),
(838, 'Amy Parker', '114', '0833'),
(839, 'Adam Silva', '114', '0701'),
(840, 'Kelly Ward', '114', '0905'),
(841, 'Katherine Smith', '115', '0833'),
(842, 'Elizabeth Davis', '115', '0501'),
(843, 'Tiffany Ingram', '115', '0734'),
(844, 'Virginia Johnson', '115', '0734'),
(845, 'Sonya Monroe', '113', '0833'),
(846, 'Frank King', '115', '0905'),
(847, 'Deborah Hughes', '114', '0701'),
(848, 'Dr. Brian Hooper', '115', '0905'),
(849, 'Matthew Powell', '113', '0905'),
(850, 'Susan King', '112', '0734'),
(851, 'Julia Reed', '114', '0734'),
(852, 'Katie Davis', '113', '0734'),
(853, 'Mia Stafford', '112', '0734'),
(854, 'Anthony Lopez', '115', '0701'),
(855, 'Amy Hall', '115', '0833'),
(856, 'Gilbert Doyle', '112', '0701'),
(857, 'Christopher Johnson', '113', '0833'),
(858, 'Jill Merritt', '113', '0701'),
(859, 'Andrea Torres', '114', '0501'),
(860, 'Michael Mckenzie', '113', '0905'),
(861, 'Michael Fry', '113', '0833'),
(862, 'Jose Beasley', '115', '0833'),
(863, 'Clayton Molina', '113', '0734'),
(864, 'Chelsea Davis', '112', '0501'),
(865, 'Tonya Parker', '113', '0501'),
(866, 'Gary Wilkerson', '112', '0833'),
(867, 'Alicia Burgess', '112', '0905'),
(868, 'Brooke Petersen', '112', '0734'),
(869, 'Eric Chan', '113', '0833'),
(870, 'Heather Pope', '114', '0501'),
(871, 'William Allison', '113', '0501'),
(872, 'Jessica Lawrence', '114', '0734'),
(873, 'Antonio Munoz', '115', '0701'),
(874, 'Lawrence Aguilar', '112', '0905'),
(875, 'David Pierce', '115', '0701'),
(876, 'Victor Turner', '112', '0501'),
(877, 'Susan Collins', '112', '0734'),
(878, 'Melissa Kemp', '113', '0501'),
(879, 'Dylan Morris', '112', '0905'),
(880, 'Nathan Romero', '113', '0701'),
(881, 'Michael Brooks', '114', '0701'),
(882, 'Charles Park II', '115', '0701'),
(883, 'Curtis Welch', '112', '0501'),
(884, 'Matthew Patrick', '113', '0833'),
(885, 'Michelle Frazier', '112', '0833'),
(886, 'Matthew Sherman', '112', '0501'),
(887, 'Destiny Matthews', '112', '0905'),
(888, 'Ronald Duncan', '113', '0905'),
(889, 'Evan Torres', '115', '0501'),
(890, 'Kathleen Cline', '113', '0734'),
(891, 'Amber Lawrence', '112', '0734'),
(892, 'Richard Hopkins', '113', '0501'),
(893, 'Alexander Lee', '112', '0701'),
(894, 'Daniel Lam', '113', '0734'),
(895, 'Joshua Jacobs', '115', '0905'),
(896, 'Jeremy Hernandez', '112', '0501'),
(897, 'Shirley Koch', '113', '0905'),
(898, 'Isabella Johnson', '113', '0905'),
(899, 'Lindsey Morse', '112', '0734'),
(900, 'Evelyn Decker', '114', '0833'),
(901, 'Carol Martinez', '115', '0905'),
(902, 'Sylvia Bailey', '112', '0701'),
(903, 'Elizabeth Boyd', '115', '0701'),
(904, 'Peter Johnston', '115', '0701'),
(905, 'Nicole Logan', '112', '0833'),
(906, 'Michael Johnson Jr.', '113', '0833'),
(907, 'Brooke Nichols', '114', '0734'),
(908, 'Robin Johnson', '113', '0501'),
(909, 'Courtney Burke', '114', '0833'),
(910, 'Paula Mathis', '114', '0501'),
(911, 'Michelle Cannon', '113', '0501'),
(912, 'John Tyler', '115', '0833'),
(913, 'Hannah Flores', '113', '0734'),
(914, 'Carlos Schroeder', '115', '0701'),
(915, 'Jack Martinez', '112', '0734'),
(916, 'Anthony Rodriguez', '114', '0501'),
(917, 'Joseph Wood', '113', '0734'),
(918, 'Amy Lee', '114', '0905'),
(919, 'Amanda Davis', '115', '0501'),
(920, 'Melissa Garrison', '114', '0701'),
(921, 'Brian Valencia', '114', '0501'),
(922, 'Tamara Peterson', '113', '0833'),
(923, 'Teresa Colon', '115', '0734'),
(924, 'Derek Hardy', '114', '0701'),
(925, 'Megan Evans', '114', '0833'),
(926, 'Danielle Robinson', '114', '0701'),
(927, 'Emily Vargas', '112', '0833'),
(928, 'Stephen Murphy', '113', '0833'),
(929, 'Robert Parker', '113', '0905'),
(930, 'Jimmy Matthews', '114', '0501'),
(931, 'Kelly Foster', '114', '0905'),
(932, 'Amy Chen', '114', '0833'),
(933, 'Marie Perez', '114', '0501'),
(934, 'Lynn Williams', '115', '0833'),
(935, 'Carolyn Miles', '113', '0701'),
(936, 'Jason Sosa', '115', '0905'),
(937, 'Jesse Vaughn', '115', '0501'),
(938, 'Kenneth Torres', '115', '0905'),
(939, 'Stephanie Barrett', '115', '0905'),
(940, 'Linda Wolfe', '113', '0905'),
(941, 'Ann Dodson', '112', '0701'),
(942, 'Gina Hughes', '113', '0734'),
(943, 'Charles Flynn', '114', '0833'),
(944, 'David King', '113', '0701'),
(945, 'David Anderson', '115', '0833'),
(946, 'Peter Carney', '114', '0734'),
(947, 'Jamie Warren', '115', '0734'),
(948, 'Louis Myers', '113', '0905'),
(949, 'Morgan Ramos', '113', '0734'),
(950, 'Amy Hayes', '114', '0734'),
(951, 'Jill Adams', '115', '0833'),
(952, 'Jesus Harmon', '112', '0501'),
(953, 'Cheryl Carpenter', '115', '0501'),
(954, 'Adam Conway PhD', '113', '0905'),
(955, 'Anthony Garza', '115', '0501'),
(956, 'Jeffrey Greer', '113', '0833'),
(957, 'Margaret Hart', '113', '0734'),
(958, 'Edward Waller', '112', '0501'),
(959, 'Cole Garza', '112', '0734'),
(960, 'Jodi Robinson', '114', '0905'),
(961, 'Brandon Griffin', '112', '0905'),
(962, 'Andrew Barr', '112', '0833'),
(963, 'Rodney Jackson', '115', '0734'),
(964, 'Meagan Johnson', '115', '0905'),
(965, 'Katie Jones', '113', '0701'),
(966, 'Emily Poole', '112', '0501'),
(967, 'Vincent Griffith', '114', '0701'),
(968, 'John Price', '113', '0701'),
(969, 'David Briggs', '112', '0734'),
(970, 'Hunter Robinson', '112', '0701'),
(971, 'Natalie Stanley MD', '115', '0833'),
(972, 'Jeffrey Le', '115', '0905'),
(973, 'Vanessa Smith', '114', '0905'),
(974, 'Daniel Peterson', '114', '0501'),
(975, 'Austin Smith', '114', '0501'),
(976, 'Nicole Smith', '115', '0734'),
(977, 'Catherine Walters', '112', '0905'),
(978, 'Dakota Valentine', '113', '0734'),
(979, 'Nicole Graham', '112', '0501'),
(980, 'Lauren Valdez', '113', '0501'),
(981, 'Devin Grant', '112', '0833'),
(982, 'Stacie Cline', '113', '0501'),
(983, 'Nicole Turner', '114', '0734'),
(984, 'Susan Mason', '112', '0833'),
(985, 'Michael Reed DVM', '112', '0905'),
(986, 'Jared Lam', '115', '0833'),
(987, 'Mr. Eddie Davila', '114', '0905'),
(988, 'Kristin Norman', '114', '0501'),
(989, 'James Thompson', '112', '0701'),
(990, 'Matthew Prince', '112', '0501'),
(991, 'David Randall', '113', '0833'),
(992, 'Jessica Fowler', '112', '0501'),
(993, 'Elizabeth Gentry', '112', '0905'),
(994, 'Daniel Winters', '113', '0501'),
(995, 'Jennifer Martinez', '115', '0833'),
(996, 'Thomas Macdonald', '114', '0501'),
(997, 'Jared Mccarthy', '113', '0833'),
(998, 'Jeremy Jones', '113', '0734'),
(999, 'Anthony Moses', '113', '0734'),
(1000, 'Ann Fox', '114', '0501'),
(1001, 'Dr. Jordan Guzman', '114', '0905'),
(1002, 'Veronica Sampson', '112', '0833'),
(1003, 'John Odonnell', '114', '0734'),
(1004, 'Jeffrey Bailey', '112', '0701'),
(1005, 'Ronnie Estrada', '113', '0701'),
(1006, 'Denise Flores', '112', '0905'),
(1007, 'Stephanie Price', '115', '0701'),
(1008, 'Nicholas Carlson', '115', '0501'),
(1009, 'Alicia Dominguez', '112', '0734'),
(1010, 'Dennis Wells', '113', '0905'),
(1011, 'Russell Davis', '115', '0905'),
(1012, 'Clayton Rangel', '114', '0833'),
(1013, 'Nicole Lyons', '113', '0501'),
(1014, 'Steven Washington', '112', '0501'),
(1015, 'Melissa Lynch', '113', '0734'),
(1016, 'Zoe King', '114', '0905'),
(1017, 'Richard Lynch', '113', '0701'),
(1018, 'Samuel Moore', '115', '0905'),
(1019, 'Lisa Bray', '112', '0701'),
(1020, 'Karen Warren', '113', '0734'),
(1021, 'Frank Stewart', '112', '0501'),
(1022, 'Raven Gonzalez', '114', '0501'),
(1023, 'Jennifer Moore', '112', '0833'),
(1024, 'Lacey Fowler', '113', '0833'),
(1025, 'Sharon Watson', '114', '0501'),
(1026, 'John Smith', '115', '0734'),
(1027, 'Peter Green', '115', '0905'),
(1028, 'Joshua Stewart', '114', '0501'),
(1029, 'Mr. Samuel Reynolds', '114', '0833'),
(1030, 'Judy Morgan', '113', '0833'),
(1031, 'Michael Rogers', '113', '0905'),
(1032, 'Aaron Best', '115', '0833'),
(1033, 'Melissa Peterson', '115', '0701'),
(1034, 'Brandi King', '113', '0905'),
(1035, 'Brian Owens', '113', '0833'),
(1036, 'Gerald Martinez', '114', '0501'),
(1037, 'David Kennedy', '112', '0734'),
(1038, 'Sheila Parker', '115', '0501'),
(1039, 'Rebecca Fitzpatrick', '113', '0734'),
(1040, 'Vanessa Flores', '115', '0501'),
(1041, 'Michael Cook', '113', '0734'),
(1042, 'Mark Barker', '112', '0501'),
(1043, 'Alexandra Shepherd', '115', '0734'),
(1044, 'Erik Miller', '113', '0905'),
(1045, 'Alex Gilbert', '115', '0905'),
(1046, 'Elaine Case', '115', '0734'),
(1047, 'Nancy May', '112', '0905'),
(1048, 'Martin Fox', '114', '0905'),
(1049, 'Betty Mullins', '115', '0905'),
(1050, 'Mackenzie Anderson', '112', '0905'),
(1051, 'Alexander Armstrong', '112', '0833'),
(1052, 'Casey Tanner', '115', '0701'),
(1053, 'Lauren Phillips', '112', '0734'),
(1054, 'Steve Griffin', '112', '0501'),
(1055, 'Sylvia Torres', '115', '0905'),
(1056, 'Melody Adams', '114', '0905'),
(1057, 'Kyle Benton', '112', '0701'),
(1058, 'Heather Wood', '115', '0905'),
(1059, 'Eric Singleton III', '113', '0701'),
(1060, 'Karen Moreno', '113', '0734'),
(1061, 'Teresa Kelly', '112', '0905'),
(1062, 'Peter Mitchell', '114', '0905'),
(1063, 'Megan Braun', '113', '0701'),
(1064, 'Robert Edwards', '112', '0905'),
(1065, 'Kenneth Pitts', '112', '0501'),
(1066, 'Dr. Norman Morgan', '113', '0905'),
(1067, 'Dennis Harper', '112', '0833'),
(1068, 'Breanna Reynolds', '114', '0501'),
(1069, 'Damon Hill', '115', '0734'),
(1070, 'Keith Chan', '115', '0905'),
(1071, 'Lisa Harris', '114', '0701'),
(1072, 'Katie Roberts', '112', '0501'),
(1073, 'Katherine Jones', '112', '0501'),
(1074, 'Barbara Lutz', '113', '0905'),
(1075, 'Joseph Roberts', '112', '0833'),
(1076, 'Kyle Chan', '113', '0501'),
(1077, 'Heather Johnson', '113', '0905'),
(1078, 'Travis Clark MD', '115', '0833'),
(1079, 'Ms. Peggy Simmons', '113', '0905'),
(1080, 'Keith Smith', '113', '0833'),
(1081, 'Terry Baldwin', '114', '0905'),
(1082, 'Daniel Sanders', '115', '0501'),
(1083, 'Anthony Higgins', '115', '0501'),
(1084, 'Melissa Ellis', '114', '0734'),
(1085, 'John Morton', '114', '0905'),
(1086, 'Nathan York', '113', '0905'),
(1087, 'John Leon', '115', '0905'),
(1088, 'Karen Morris', '115', '0833'),
(1089, 'Donna James', '112', '0734'),
(1090, 'Cindy Taylor', '113', '0833'),
(1091, 'Emily Daniels', '112', '0734'),
(1092, 'Thomas Barton', '113', '0701'),
(1093, 'Glenn Rocha', '112', '0905'),
(1094, 'Rebecca Robles', '115', '0501'),
(1095, 'Alicia Lowery', '114', '0501'),
(1096, 'William Green', '113', '0734'),
(1097, 'Crystal Vang', '114', '0701'),
(1098, 'Paula Douglas', '113', '0905'),
(1099, 'Ashley Bright', '115', '0833'),
(1100, 'Elizabeth Pittman', '113', '0734'),
(1101, 'Katrina Jackson', '114', '0833'),
(1102, 'Tiffany Johnson', '115', '0905'),
(1103, 'Michael Greer', '114', '0833'),
(1104, 'Kelly Nelson', '113', '0905'),
(1105, 'Zachary Thompson', '115', '0734'),
(1106, 'Kevin Bond', '115', '0734'),
(1107, 'Olivia Nguyen', '112', '0734'),
(1108, 'Rebecca Ochoa', '114', '0734'),
(1109, 'Shelley Decker', '114', '0501'),
(1110, 'Donna Fisher', '115', '0734'),
(1111, 'Micheal Hall', '113', '0501'),
(1112, 'Tony Friedman', '115', '0734'),
(1113, 'Sandra Howell', '114', '0905'),
(1114, 'Brandy Campbell', '115', '0701'),
(1115, 'James Velez', '115', '0905'),
(1116, 'Lonnie White', '114', '0833'),
(1117, 'Katelyn Thompson', '115', '0701'),
(1118, 'William Thompson', '112', '0701'),
(1119, 'Cindy Lopez', '112', '0833'),
(1120, 'Yvette Parks', '115', '0734'),
(1121, 'Heather Peterson', '115', '0701'),
(1122, 'Morgan Olsen', '112', '0701'),
(1123, 'Savannah Wade', '115', '0905'),
(1124, 'Richard Cox', '112', '0833'),
(1125, 'Catherine Kim', '115', '0734'),
(1126, 'Regina Ramirez', '115', '0833'),
(1127, 'Ashley Clayton', '115', '0701'),
(1128, 'Erin Perez', '112', '0701'),
(1129, 'Mrs. Jacqueline Ramirez', '114', '0701'),
(1130, 'Ernest Hill', '114', '0701'),
(1131, 'Frank Mccoy', '113', '0734'),
(1132, 'Rhonda Parker', '113', '0734'),
(1133, 'Leslie Warren', '114', '0833'),
(1134, 'Thomas Wong', '114', '0734'),
(1135, 'Adam Wilson', '113', '0701'),
(1136, 'Christopher Smith', '114', '0701'),
(1137, 'Jeffrey Baldwin', '112', '0905'),
(1138, 'Amy Simmons', '112', '0701'),
(1139, 'Jennifer Williams', '112', '0734'),
(1140, 'Monica Blair', '113', '0833'),
(1141, 'Jennifer Silva', '113', '0905'),
(1142, 'Christopher Avery', '113', '0701'),
(1143, 'Daniel Delgado', '115', '0501'),
(1144, 'Kelly Adams', '114', '0701'),
(1145, 'Candice Jones', '113', '0905'),
(1146, 'Maria Grant', '112', '0905'),
(1147, 'Michael Chen', '114', '0701'),
(1148, 'Eric Lopez', '112', '0701'),
(1149, 'Lacey Moore', '115', '0833'),
(1150, 'Debra Rogers MD', '113', '0905'),
(1151, 'Bradley Marshall', '112', '0905'),
(1152, 'Stephanie Johnson', '115', '0734'),
(1153, 'Caitlin Kirby', '113', '0734'),
(1154, 'Anita Spencer', '115', '0701'),
(1155, 'Kevin Williams', '113', '0501'),
(1156, 'Jennifer Jennings', '113', '0734'),
(1157, 'Shannon Diaz', '115', '0734'),
(1158, 'David Hardin', '112', '0833'),
(1159, 'Stephen White', '114', '0501'),
(1160, 'Kimberly Mendoza', '112', '0734'),
(1161, 'Alan Kirk', '115', '0833'),
(1162, 'James Williams', '115', '0701'),
(1163, 'Ricky Parrish', '112', '0833'),
(1164, 'Mary Huffman', '112', '0701'),
(1165, 'Phyllis Robinson', '115', '0734'),
(1166, 'Elizabeth Green', '113', '0734'),
(1167, 'Angela Gonzalez', '112', '0701'),
(1168, 'Miranda Booth', '112', '0833'),
(1169, 'Edward Brown', '112', '0734'),
(1170, 'Michelle Atkins', '115', '0701'),
(1171, 'Brandon Riley', '113', '0501'),
(1172, 'Julie Martin', '112', '0734'),
(1173, 'Steven Nielsen', '114', '0734'),
(1174, 'Luke Murray', '114', '0905'),
(1175, 'Timothy Hicks', '113', '0833'),
(1176, 'Matthew Dillon', '115', '0833'),
(1177, 'Steven Pratt', '114', '0833'),
(1178, 'Helen Nicholson', '114', '0701'),
(1179, 'Patricia Hunt', '114', '0905'),
(1180, 'Martha Allen', '112', '0833'),
(1181, 'Richard Bonilla', '112', '0833'),
(1182, 'William Johnson', '112', '0501'),
(1183, 'Katherine Ford', '115', '0734'),
(1184, 'Maria Rose', '112', '0701'),
(1185, 'Jack Riley', '112', '0734'),
(1186, 'Douglas Alvarado', '115', '0701'),
(1187, 'Cynthia Huff', '112', '0701'),
(1188, 'Jeffrey Johnson', '115', '0734'),
(1189, 'Sandra Ruiz', '113', '0734'),
(1190, 'Eric Burns', '115', '0833'),
(1191, 'Gary Cohen', '115', '0501'),
(1192, 'Krystal Walker', '114', '0701'),
(1193, 'Brian Powell', '113', '0905'),
(1194, 'Jessica Cruz', '112', '0905'),
(1195, 'Courtney Perez', '112', '0501'),
(1196, 'Kelly Velasquez', '112', '0501'),
(1197, 'Angela Walters', '113', '0701'),
(1198, 'John Stewart', '112', '0833'),
(1199, 'Angela Bell', '114', '0501'),
(1200, 'Jeffrey Rosales', '112', '0734'),
(1201, 'Charles Hughes', '115', '0833'),
(1202, 'Kevin Adkins', '114', '0701'),
(1203, 'Tamara Pineda', '112', '0701'),
(1204, 'Sara Larson', '112', '0734'),
(1205, 'Dustin Carter', '115', '0501'),
(1206, 'Kenneth Harrington', '112', '0501'),
(1207, 'Ernest Green', '114', '0501'),
(1208, 'Robert Morgan', '114', '0833'),
(1209, 'William Wilson', '114', '0905'),
(1210, 'Stephanie Mccarthy', '115', '0501'),
(1211, 'Laura Fernandez', '112', '0734'),
(1212, 'Kelsey Guerra', '115', '0833'),
(1213, 'Becky Delgado', '115', '0905'),
(1214, 'Marcus Gomez', '112', '0501'),
(1215, 'Jay Anderson', '114', '0734'),
(1216, 'Alisha Larsen', '112', '0501'),
(1217, 'Bruce Franco', '115', '0501'),
(1218, 'Jenna Jordan', '115', '0501'),
(1219, 'David Rice', '113', '0501'),
(1220, 'Vickie Adams', '113', '0701'),
(1221, 'Crystal Rodriguez', '115', '0833'),
(1222, 'Andrew Gallagher', '115', '0701'),
(1223, 'Anthony Shelton', '112', '0501'),
(1224, 'Heather Foster', '115', '0833'),
(1225, 'Colin Sullivan', '113', '0905'),
(1226, 'Jon Johnson', '113', '0905'),
(1227, 'Kathleen Hanna', '112', '0734'),
(1228, 'Anthony Schneider', '113', '0734'),
(1229, 'Keith Smith', '114', '0501'),
(1230, 'Erin Rodriguez', '114', '0501'),
(1231, 'Brandon Moore', '113', '0501'),
(1232, 'Ryan Brooks', '114', '0734'),
(1233, 'Tammy David', '113', '0701'),
(1234, 'James Carrillo', '113', '0501'),
(1235, 'Robin Griffin', '112', '0905'),
(1236, 'Katherine Wolfe', '113', '0833'),
(1237, 'Ashlee Reynolds', '113', '0905'),
(1238, 'Brandon Johnson', '114', '0833'),
(1239, 'David Shields', '115', '0701'),
(1240, 'Grace Brown', '113', '0905'),
(1241, 'Kimberly Miller', '114', '0734'),
(1242, 'Derrick Braun', '115', '0734'),
(1243, 'Angela Ward', '115', '0734'),
(1244, 'Steven Jones', '113', '0905'),
(1245, 'Ian Smith', '114', '0734'),
(1246, 'Patty Larson', '114', '0734'),
(1247, 'Colleen Hurst', '112', '0501'),
(1248, 'Jennifer Stokes', '114', '0734'),
(1249, 'Jennifer Ellis', '114', '0833'),
(1250, 'Erica Castro', '114', '0905'),
(1251, 'Michelle Yu', '113', '0833'),
(1252, 'Michael Cannon', '115', '0734'),
(1253, 'Erika Thomas', '114', '0905'),
(1254, 'Holly Curtis', '114', '0833'),
(1255, 'Jonathan Cabrera', '115', '0501'),
(1256, 'Samantha Wong', '113', '0905'),
(1257, 'Stephen Murphy', '114', '0734'),
(1258, 'Mrs. Rachel Dorsey', '113', '0701'),
(1259, 'Amanda Johnson', '114', '0701'),
(1260, 'Timothy Carrillo', '115', '0734'),
(1261, 'Natasha Moore', '113', '0501'),
(1262, 'Jason Myers', '114', '0701'),
(1263, 'Anita Burns', '115', '0734'),
(1264, 'Jimmy Vincent', '114', '0734'),
(1265, 'Sean Long', '114', '0701'),
(1266, 'Timothy Gonzalez', '114', '0701'),
(1267, 'Heather Stone', '115', '0905'),
(1268, 'Kevin Davidson', '113', '0833'),
(1269, 'Robin Frank', '113', '0905'),
(1270, 'Jeffrey Mccall', '112', '0833'),
(1271, 'Robert Gordon', '115', '0905'),
(1272, 'Rita Harris', '114', '0734'),
(1273, 'Melissa Rollins', '114', '0501'),
(1274, 'Julie Hill', '115', '0833'),
(1275, 'Andrew Scott', '115', '0833'),
(1276, 'William Hill', '115', '0833'),
(1277, 'Donald Mckay', '115', '0701'),
(1278, 'Matthew Bennett', '114', '0734'),
(1279, 'Mr. Tommy Ware', '114', '0833'),
(1280, 'Ethan Davis', '113', '0734'),
(1281, 'Alex Gibson', '112', '0734'),
(1282, 'Shawn Frye', '114', '0905'),
(1283, 'Susan Morse', '113', '0501'),
(1284, 'Joshua Oconnell', '112', '0734'),
(1285, 'Kelly Short', '113', '0701'),
(1286, 'Michael White', '115', '0833'),
(1287, 'David Ortiz', '113', '0701'),
(1288, 'Ethan Jenkins', '114', '0905'),
(1289, 'Jennifer Richard', '115', '0501'),
(1290, 'Todd Davis', '112', '0833'),
(1291, 'Scott Green', '112', '0734'),
(1292, 'Patricia Sandoval', '114', '0833'),
(1293, 'Kevin Miller', '113', '0734'),
(1294, 'Meredith Henderson', '114', '0905'),
(1295, 'Jose Frederick', '113', '0833'),
(1296, 'Victoria Pierce', '112', '0701'),
(1297, 'Ashley Clark', '115', '0905'),
(1298, 'Valerie Johnson', '112', '0501'),
(1299, 'Samantha Gonzales', '112', '0501'),
(1300, 'Drew Long', '113', '0734'),
(1301, 'Jeffery Martinez', '115', '0833'),
(1302, 'Alexander Walker', '112', '0905'),
(1303, 'Maria Bradley', '113', '0734'),
(1304, 'Alexander Johnson', '114', '0833'),
(1305, 'Amanda Wells', '114', '0501'),
(1306, 'Nicole Mcmillan', '115', '0501'),
(1307, 'Nicole Miller', '115', '0734'),
(1308, 'Nicholas Payne', '115', '0701'),
(1309, 'Lisa Pham', '113', '0833'),
(1310, 'Ryan Copeland', '115', '0701');

-- --------------------------------------------------------

--
-- Table structure for table `kode_wilayah`
--

CREATE TABLE `kode_wilayah` (
  `id_wilayah` char(4) NOT NULL,
  `wilayah` varchar(100) NOT NULL
) ENGINE=InnoDB DEFAULT CHARSET=utf8mb4;

--
-- Dumping data for table `kode_wilayah`
--

INSERT INTO `kode_wilayah` (`id_wilayah`, `wilayah`) VALUES
('0501', 'jakarta'),
('0701', 'jayapura'),
('0734', 'yogyakarta'),
('0833', 'malang'),
('0905', 'balikpapan');

-- --------------------------------------------------------

--
-- Table structure for table `pangkat`
--

CREATE TABLE `pangkat` (
  `id_pangkat` char(10) NOT NULL,
  `pangkat` varchar(100) NOT NULL
) ENGINE=InnoDB DEFAULT CHARSET=utf8mb4;

--
-- Dumping data for table `pangkat`
--

INSERT INTO `pangkat` (`id_pangkat`, `pangkat`) VALUES
('112', 'serma'),
('113', 'serka'),
('114', 'serda'),
('115', 'kopral');

--
-- Indexes for dumped tables
--

--
-- Indexes for table `data_tugas_tentara`
--
ALTER TABLE `data_tugas_tentara`
  ADD PRIMARY KEY (`id`);

--
-- Indexes for table `kode_wilayah`
--
ALTER TABLE `kode_wilayah`
  ADD PRIMARY KEY (`id_wilayah`);

--
-- Indexes for table `pangkat`
--
ALTER TABLE `pangkat`
  ADD PRIMARY KEY (`id_pangkat`);

--
-- AUTO_INCREMENT for dumped tables
--

--
-- AUTO_INCREMENT for table `data_tugas_tentara`
--
ALTER TABLE `data_tugas_tentara`
  MODIFY `id` int(11) NOT NULL AUTO_INCREMENT, AUTO_INCREMENT=1311;
COMMIT;

/*!40101 SET CHARACTER_SET_CLIENT=@OLD_CHARACTER_SET_CLIENT */;
/*!40101 SET CHARACTER_SET_RESULTS=@OLD_CHARACTER_SET_RESULTS */;
/*!40101 SET COLLATION_CONNECTION=@OLD_COLLATION_CONNECTION */;
